"entry_exit_id","station_id","date_id","total_entry_exit","estimated_entries","estimated_exits","record_type","data_source","created_at"
"1","1","1","5773625","2886812","2886812","Annual","TfL Official","2026-05-29 15:27:48.819459"
"2","1","2","5816798","2908399","2908399","Annual","TfL Official","2026-05-29 15:27:48.819459"
"3","1","3","5459521","2729760","2729760","Annual","TfL Official","2026-05-29 15:27:48.819459"
"4","1","4","5428316","2714158","2714158","Annual","TfL Official","2026-05-29 15:27:48.819459"
"5","1","5","5462387","2731193","2731193","Annual","TfL Official","2026-05-29 15:27:48.819459"
"6","1","6","5584934","2792467","2792467","Annual","TfL Official","2026-05-29 15:27:48.819459"
"7","1","7","5748994","2874497","2874497","Annual","TfL Official","2026-05-29 15:27:48.819459"
"8","1","8","6059017","3029508","3029508","Annual","TfL Official","2026-05-29 15:27:48.819459"
"9","1","9","6235045","3117522","3117522","Annual","TfL Official","2026-05-29 15:27:48.819459"
"10","1","10","6274649","3137324","3137324","Annual","TfL Official","2026-05-29 15:27:48.819459"
"11","1","11","5731527","2865763","2865763","Annual","TfL Official","2026-05-29 15:27:48.819459"
"12","1","12","5794685","2897342","2897342","Annual","TfL Official","2026-05-29 15:27:48.819459"
"13","1","13","6186555","3093277","3093277","Annual","TfL Official","2026-05-29 15:27:48.819459"
"14","1","14","3568528","1784264","1784264","Annual","TfL Official","2026-05-29 15:27:48.819459"
"15","1","15","2902697","1451348","1451348","Annual","TfL Official","2026-05-29 15:27:48.819459"
"16","2","1","9558748","4779374","4779374","Annual","TfL Official","2026-05-29 15:27:48.819459"
"17","2","2","10030975","5015487","5015487","Annual","TfL Official","2026-05-29 15:27:48.819459"
"18","2","3","9261249","4630624","4630624","Annual","TfL Official","2026-05-29 15:27:48.819459"
"19","2","4","8873092","4436546","4436546","Annual","TfL Official","2026-05-29 15:27:48.819459"
"20","2","5","9228704","4614352","4614352","Annual","TfL Official","2026-05-29 15:27:48.819459"
"21","2","6","9850562","4925281","4925281","Annual","TfL Official","2026-05-29 15:27:48.819459"
"22","2","7","10464425","5232212","5232212","Annual","TfL Official","2026-05-29 15:27:48.819459"
"23","2","8","11444738","5722369","5722369","Annual","TfL Official","2026-05-29 15:27:48.819459"
"24","2","9","11283478","5641739","5641739","Annual","TfL Official","2026-05-29 15:27:48.819459"
"25","2","10","11973122","5986561","5986561","Annual","TfL Official","2026-05-29 15:27:48.819459"
"26","2","11","11303155","5651577","5651577","Annual","TfL Official","2026-05-29 15:27:48.819459"
"27","2","12","11160091","5580045","5580045","Annual","TfL Official","2026-05-29 15:27:48.819459"
"28","2","13","10467974","5233987","5233987","Annual","TfL Official","2026-05-29 15:27:48.819459"
"29","2","14","2537108","1268554","1268554","Annual","TfL Official","2026-05-29 15:27:48.819459"
"30","2","15","3467856","1733928","1733928","Annual","TfL Official","2026-05-29 15:27:48.819459"
"31","3","1","5572412","2786206","2786206","Annual","TfL Official","2026-05-29 15:27:48.819459"
"32","3","2","6243135","3121567","3121567","Annual","TfL Official","2026-05-29 15:27:48.819459"
"33","3","3","5974176","2987088","2987088","Annual","TfL Official","2026-05-29 15:27:48.819459"
"34","3","4","6026534","3013267","3013267","Annual","TfL Official","2026-05-29 15:27:48.819459"
"35","3","5","6235513","3117756","3117756","Annual","TfL Official","2026-05-29 15:27:48.819459"
"36","3","6","6647283","3323641","3323641","Annual","TfL Official","2026-05-29 15:27:48.819459"
"37","3","7","6877712","3438856","3438856","Annual","TfL Official","2026-05-29 15:27:48.819459"
"38","3","8","7221566","3610783","3610783","Annual","TfL Official","2026-05-29 15:27:48.819459"
"39","3","9","7527810","3763905","3763905","Annual","TfL Official","2026-05-29 15:27:48.819459"
"40","3","10","8009494","4004747","4004747","Annual","TfL Official","2026-05-29 15:27:48.819459"
"41","3","11","8459234","4229617","4229617","Annual","TfL Official","2026-05-29 15:27:48.819459"
"42","3","12","9218140","4609070","4609070","Annual","TfL Official","2026-05-29 15:27:48.819459"
"43","3","13","9956600","4978300","4978300","Annual","TfL Official","2026-05-29 15:27:48.819459"
"44","3","14","2775844","1387922","1387922","Annual","TfL Official","2026-05-29 15:27:48.819459"
"45","3","15","3525128","1762564","1762564","Annual","TfL Official","2026-05-29 15:27:48.819459"
"46","4","1","7657338","3828669","3828669","Annual","TfL Official","2026-05-29 15:27:48.819459"
"47","4","2","8152761","4076380","4076380","Annual","TfL Official","2026-05-29 15:27:48.819459"
"48","4","3","9047885","4523942","4523942","Annual","TfL Official","2026-05-29 15:27:48.819459"
"49","4","4","8974956","4487478","4487478","Annual","TfL Official","2026-05-29 15:27:48.819459"
"50","4","5","9157483","4578741","4578741","Annual","TfL Official","2026-05-29 15:27:48.819459"
"51","4","6","10134021","5067010","5067010","Annual","TfL Official","2026-05-29 15:27:48.819459"
"52","4","7","11663144","5831572","5831572","Annual","TfL Official","2026-05-29 15:27:48.819459"
"53","4","8","12248009","6124004","6124004","Annual","TfL Official","2026-05-29 15:27:48.819459"
"54","4","9","12839311","6419655","6419655","Annual","TfL Official","2026-05-29 15:27:48.819459"
"55","4","10","13434630","6717315","6717315","Annual","TfL Official","2026-05-29 15:27:48.819459"
"56","4","11","13262408","6631204","6631204","Annual","TfL Official","2026-05-29 15:27:48.819459"
"57","4","12","13707738","6853869","6853869","Annual","TfL Official","2026-05-29 15:27:48.819459"
"58","4","13","14148654","7074327","7074327","Annual","TfL Official","2026-05-29 15:27:48.819459"
"59","4","14","3144899","1572449","1572449","Annual","TfL Official","2026-05-29 15:27:48.819459"
"60","4","15","5611130","2805565","2805565","Annual","TfL Official","2026-05-29 15:27:48.819459"
"61","5","1","3005522","1502761","1502761","Annual","TfL Official","2026-05-29 15:27:48.819459"
"62","5","2","3072270","1536135","1536135","Annual","TfL Official","2026-05-29 15:27:48.819459"
"63","5","3","3044399","1522199","1522199","Annual","TfL Official","2026-05-29 15:27:48.819459"
"64","5","4","2942987","1471493","1471493","Annual","TfL Official","2026-05-29 15:27:48.819459"
"65","5","5","2945259","1472629","1472629","Annual","TfL Official","2026-05-29 15:27:48.819459"
"66","5","6","2893236","1446618","1446618","Annual","TfL Official","2026-05-29 15:27:48.819459"
"67","5","7","2956888","1478444","1478444","Annual","TfL Official","2026-05-29 15:27:48.819459"
"68","5","8","3171235","1585617","1585617","Annual","TfL Official","2026-05-29 15:27:48.819459"
"69","5","9","3205455","1602727","1602727","Annual","TfL Official","2026-05-29 15:27:48.819459"
"70","5","10","3174845","1587422","1587422","Annual","TfL Official","2026-05-29 15:27:48.819459"
"71","5","11","2896391","1448195","1448195","Annual","TfL Official","2026-05-29 15:27:48.819459"
"72","5","12","2796159","1398079","1398079","Annual","TfL Official","2026-05-29 15:27:48.819459"
"73","5","13","2858439","1429219","1429219","Annual","TfL Official","2026-05-29 15:27:48.819459"
"74","5","14","2064990","1032495","1032495","Annual","TfL Official","2026-05-29 15:27:48.819459"
"75","5","15","1345253","672626","672626","Annual","TfL Official","2026-05-29 15:27:48.819459"
"76","6","1","2341347","1170673","1170673","Annual","TfL Official","2026-05-29 15:27:48.819459"
"77","6","2","2171944","1085972","1085972","Annual","TfL Official","2026-05-29 15:27:48.819459"
"78","6","3","2088199","1044099","1044099","Annual","TfL Official","2026-05-29 15:27:48.819459"
"79","6","4","2109415","1054707","1054707","Annual","TfL Official","2026-05-29 15:27:48.819459"
"80","6","5","2099560","1049780","1049780","Annual","TfL Official","2026-05-29 15:27:48.819459"
"81","6","6","2097954","1048977","1048977","Annual","TfL Official","2026-05-29 15:27:48.819459"
"82","6","7","2041139","1020569","1020569","Annual","TfL Official","2026-05-29 15:27:48.819459"
"83","6","8","2439993","1219996","1219996","Annual","TfL Official","2026-05-29 15:27:48.819459"
"84","6","9","2287149","1143574","1143574","Annual","TfL Official","2026-05-29 15:27:48.819459"
"85","6","10","2360700","1180350","1180350","Annual","TfL Official","2026-05-29 15:27:48.819459"
"86","6","11","2215502","1107751","1107751","Annual","TfL Official","2026-05-29 15:27:48.819459"
"87","6","12","2130207","1065103","1065103","Annual","TfL Official","2026-05-29 15:27:48.819459"
"88","6","13","2350099","1175049","1175049","Annual","TfL Official","2026-05-29 15:27:48.819459"
"89","6","14","863361","431680","431680","Annual","TfL Official","2026-05-29 15:27:48.819459"
"90","6","15","946577","473288","473288","Annual","TfL Official","2026-05-29 15:27:48.819459"
"91","7","1","16625983","8312991","8312991","Annual","TfL Official","2026-05-29 15:27:48.819459"
"92","7","2","17824269","8912134","8912134","Annual","TfL Official","2026-05-29 15:27:48.819459"
"93","7","3","18051985","9025992","9025992","Annual","TfL Official","2026-05-29 15:27:48.819459"
"94","7","4","17821157","8910578","8910578","Annual","TfL Official","2026-05-29 15:27:48.819459"
"95","7","5","17775047","8887523","8887523","Annual","TfL Official","2026-05-29 15:27:48.819459"
"96","7","6","18578717","9289358","9289358","Annual","TfL Official","2026-05-29 15:27:48.819459"
"97","7","7","18930868","9465434","9465434","Annual","TfL Official","2026-05-29 15:27:48.819459"
"98","7","8","19217171","9608585","9608585","Annual","TfL Official","2026-05-29 15:27:48.819459"
"99","7","9","19756365","9878182","9878182","Annual","TfL Official","2026-05-29 15:27:48.819459"
"100","7","10","20100806","10050403","10050403","Annual","TfL Official","2026-05-29 15:27:48.819459"